<?xml version="1.0" encoding="UTF-8"?>
<GenRun Id="impl_1" LaunchPart="xc7a100tcsg324-1" LaunchTime="1740135186">
  <File Type="ROUTE-PWR" Name="sistema_complessivo_power_routed.rpt"/>
  <File Type="PA-TCL" Name="sistema_complessivo.tcl"/>
  <File Type="ROUTE-PWR-SUM" Name="sistema_complessivo_power_summary_routed.pb"/>
  <File Type="REPORTS-TCL" Name="sistema_complessivo_reports.tcl"/>
  <File Type="OPT-RQA-PB" Name="sistema_complessivo_rqa_opted.pb"/>
  <File Type="BITSTR-MMI" Name="sistema_complessivo.mmi"/>
  <File Type="OPT-METHODOLOGY-DRC" Name="sistema_complessivo_methodology_drc_opted.rpt"/>
  <File Type="INIT-TIMING" Name="sistema_complessivo_timing_summary_init.rpt"/>
  <File Type="OPT-TIMING" Name="sistema_complessivo_timing_summary_opted.rpt"/>
  <File Type="OPT-DCP" Name="sistema_complessivo_opt.dcp"/>
  <File Type="OPT-DRC" Name="sistema_complessivo_drc_opted.rpt"/>
  <File Type="OPT-HWDEF" Name="sistema_complessivo.hwdef"/>
  <File Type="PWROPT-DCP" Name="sistema_complessivo_pwropt.dcp"/>
  <File Type="PWROPT-DRC" Name="sistema_complessivo_drc_pwropted.rpt"/>
  <File Type="PWROPT-TIMING" Name="sistema_complessivo_timing_summary_pwropted.rpt"/>
  <File Type="PLACE-DCP" Name="sistema_complessivo_placed.dcp"/>
  <File Type="PLACE-IO" Name="sistema_complessivo_io_placed.rpt"/>
  <File Type="PLACE-CLK" Name="sistema_complessivo_clock_utilization_placed.rpt"/>
  <File Type="PLACE-UTIL" Name="sistema_complessivo_utilization_placed.rpt"/>
  <File Type="PLACE-UTIL-PB" Name="sistema_complessivo_utilization_placed.pb"/>
  <File Type="PLACE-CTRL" Name="sistema_complessivo_control_sets_placed.rpt"/>
  <File Type="PLACE-SIMILARITY" Name="sistema_complessivo_incremental_reuse_placed.rpt"/>
  <File Type="PLACE-PRE-SIMILARITY" Name="sistema_complessivo_incremental_reuse_pre_placed.rpt"/>
  <File Type="BG-BIN" Name="sistema_complessivo.bin"/>
  <File Type="PLACE-TIMING" Name="sistema_complessivo_timing_summary_placed.rpt"/>
  <File Type="ROUTE-PWR-RPX" Name="sistema_complessivo_power_routed.rpx"/>
  <File Type="PLACE-RQA-PB" Name="sistema_complessivo_rqa_placed.pb"/>
  <File Type="POSTPLACE-PWROPT-DCP" Name="sistema_complessivo_postplace_pwropt.dcp"/>
  <File Type="BITSTR-MSK" Name="sistema_complessivo.msk"/>
  <File Type="POSTPLACE-PWROPT-TIMING" Name="sistema_complessivo_timing_summary_postplace_pwropted.rpt"/>
  <File Type="PHYSOPT-DCP" Name="sistema_complessivo_physopt.dcp"/>
  <File Type="PHYSOPT-DRC" Name="sistema_complessivo_drc_physopted.rpt"/>
  <File Type="BITSTR-RBT" Name="sistema_complessivo.rbt"/>
  <File Type="PHYSOPT-TIMING" Name="sistema_complessivo_timing_summary_physopted.rpt"/>
  <File Type="ROUTE-ERROR-DCP" Name="sistema_complessivo_routed_error.dcp"/>
  <File Type="ROUTE-DCP" Name="sistema_complessivo_routed.dcp"/>
  <File Type="ROUTE-BLACKBOX-DCP" Name="sistema_complessivo_routed_bb.dcp"/>
  <File Type="ROUTE-DRC" Name="sistema_complessivo_drc_routed.rpt"/>
  <File Type="ROUTE-DRC-PB" Name="sistema_complessivo_drc_routed.pb"/>
  <File Type="ROUTE-DRC-RPX" Name="sistema_complessivo_drc_routed.rpx"/>
  <File Type="ROUTE-METHODOLOGY-DRC" Name="sistema_complessivo_methodology_drc_routed.rpt"/>
  <File Type="ROUTE-METHODOLOGY-DRC-RPX" Name="sistema_complessivo_methodology_drc_routed.rpx"/>
  <File Type="ROUTE-METHODOLOGY-DRC-PB" Name="sistema_complessivo_methodology_drc_routed.pb"/>
  <File Type="ROUTE-RQS-PB" Name="sistema_complessivo_rqs_routed.pb"/>
  <File Type="ROUTE-STATUS" Name="sistema_complessivo_route_status.rpt"/>
  <File Type="ROUTE-STATUS-PB" Name="sistema_complessivo_route_status.pb"/>
  <File Type="ROUTE-TIMINGSUMMARY" Name="sistema_complessivo_timing_summary_routed.rpt"/>
  <File Type="ROUTE-TIMING-PB" Name="sistema_complessivo_timing_summary_routed.pb"/>
  <File Type="ROUTE-TIMING-RPX" Name="sistema_complessivo_timing_summary_routed.rpx"/>
  <File Type="ROUTE-SIMILARITY" Name="sistema_complessivo_incremental_reuse_routed.rpt"/>
  <File Type="ROUTE-CLK" Name="sistema_complessivo_clock_utilization_routed.rpt"/>
  <File Type="ROUTE-BUS-SKEW" Name="sistema_complessivo_bus_skew_routed.rpt"/>
  <File Type="ROUTE-BUS-SKEW-PB" Name="sistema_complessivo_bus_skew_routed.pb"/>
  <File Type="ROUTE-BUS-SKEW-RPX" Name="sistema_complessivo_bus_skew_routed.rpx"/>
  <File Type="POSTROUTE-PHYSOPT-DCP" Name="sistema_complessivo_postroute_physopt.dcp"/>
  <File Type="POSTROUTE-PHYSOPT-BLACKBOX-DCP" Name="sistema_complessivo_postroute_physopt_bb.dcp"/>
  <File Type="POSTROUTE-PHYSOPT-TIMING" Name="sistema_complessivo_timing_summary_postroute_physopted.rpt"/>
  <File Type="POSTROUTE-PHYSOPT-TIMING-PB" Name="sistema_complessivo_timing_summary_postroute_physopted.pb"/>
  <File Type="POSTROUTE-PHYSOPT-TIMING-RPX" Name="sistema_complessivo_timing_summary_postroute_physopted.rpx"/>
  <File Type="POSTROUTE-PHYSOPT-BUS-SKEW" Name="sistema_complessivo_bus_skew_postroute_physopted.rpt"/>
  <File Type="BG-BIT" Name="sistema_complessivo.bit"/>
  <File Type="POSTROUTE-PHYSOPT-BUS-SKEW-PB" Name="sistema_complessivo_bus_skew_postroute_physopted.pb"/>
  <File Type="POSTROUTE-PHYSOPT-BUS-SKEW-RPX" Name="sistema_complessivo_bus_skew_postroute_physopted.rpx"/>
  <File Type="BITSTR-NKY" Name="sistema_complessivo.nky"/>
  <File Type="BITSTR-BMM" Name="sistema_complessivo_bd.bmm"/>
  <File Type="PDI-FILE" Name="sistema_complessivo.pdi"/>
  <File Type="BOOT-PDI-FILE" Name="sistema_complessivo_soc.pdi"/>
  <File Type="PL-PDI-FILE" Name="sistema_complessivo_pld.pdi"/>
  <File Type="RCFI_FILE" Name="sistema_complessivo.rcfi"/>
  <File Type="CFI_FILE" Name="sistema_complessivo.cfi"/>
  <File Type="RNPI_FILE" Name="sistema_complessivo.rnpi"/>
  <File Type="NPI_FILE" Name="sistema_complessivo.npi"/>
  <File Type="RBD_FILE" Name="sistema_complessivo.rbd"/>
  <File Type="BITSTR-LTX" Name="debug_nets.ltx"/>
  <File Type="BITSTR-LTX" Name="sistema_complessivo.ltx"/>
  <File Type="BITSTR-SYSDEF" Name="sistema_complessivo.sysdef"/>
  <File Type="BG-BGN" Name="sistema_complessivo.bgn"/>
  <File Type="BG-DRC" Name="sistema_complessivo.drc"/>
  <File Type="RDI-RDI" Name="sistema_complessivo.vdi"/>
  <File Type="WBT-USG" Name="usage_statistics_webtalk.html"/>
  <File Type="ROUTE-RQS" Name="sistema_complessivo_routed.rqs"/>
  <File Type="POSTROUTE-PHYSOPT-RQS" Name="sistema_complessivo_postroute_physopted.rqs"/>
  <File Type="ROUTE-RQS-RPT" Name="route_report_qor_suggestions_0.rpt"/>
  <File Type="POSTROUTE-PHYSOPT-RQS-RPT" Name="postroute_physopt_report_qor_suggestions_0.rpt"/>
  <FileSet Name="sources" Type="DesignSrcs" RelSrcDir="$PSRCDIR/sources_1" RelGenDir="$PGENDIR/sources_1">
    <Filter Type="Srcs"/>
    <File Path="$PSRCDIR/sources_1/imports/new/Rom_8_4.vhd">
      <FileInfo>
        <Attr Name="ImportPath" Val="$PPRDIR/../12_provaDicembre/12_provaDicembre.srcs/sources_1/new/Rom_8_4.vhd"/>
        <Attr Name="ImportTime" Val="1738163881"/>
        <Attr Name="UsedIn" Val="synthesis"/>
        <Attr Name="UsedIn" Val="simulation"/>
      </FileInfo>
    </File>
    <File Path="$PSRCDIR/sources_1/imports/new/contatore_mod_8.vhd">
      <FileInfo>
        <Attr Name="ImportPath" Val="$PPRDIR/../12_provaDicembre/12_provaDicembre.srcs/sources_1/new/contatore_mod_8.vhd"/>
        <Attr Name="ImportTime" Val="1738078408"/>
        <Attr Name="UsedIn" Val="synthesis"/>
        <Attr Name="UsedIn" Val="simulation"/>
      </FileInfo>
    </File>
    <File Path="$PSRCDIR/sources_1/imports/new/registro.vhd">
      <FileInfo>
        <Attr Name="ImportPath" Val="$PPRDIR/../12_provaDicembre/12_provaDicembre.srcs/sources_1/new/registro.vhd"/>
        <Attr Name="ImportTime" Val="1738074847"/>
        <Attr Name="UsedIn" Val="synthesis"/>
        <Attr Name="UsedIn" Val="simulation"/>
      </FileInfo>
    </File>
    <File Path="$PSRCDIR/sources_1/imports/new/sistema_a.vhd">
      <FileInfo>
        <Attr Name="ImportPath" Val="$PPRDIR/../12_provaDicembre/12_provaDicembre.srcs/sources_1/new/sistema_a.vhd"/>
        <Attr Name="ImportTime" Val="1738088064"/>
        <Attr Name="UsedIn" Val="synthesis"/>
        <Attr Name="UsedIn" Val="simulation"/>
      </FileInfo>
    </File>
    <File Path="$PSRCDIR/sources_1/imports/new/sistema_b.vhd">
      <FileInfo>
        <Attr Name="ImportPath" Val="$PPRDIR/../12_provaDicembre/12_provaDicembre.srcs/sources_1/new/sistema_b.vhd"/>
        <Attr Name="ImportTime" Val="1738163621"/>
        <Attr Name="UsedIn" Val="synthesis"/>
        <Attr Name="UsedIn" Val="simulation"/>
      </FileInfo>
    </File>
    <File Path="$PSRCDIR/sources_1/imports/new/sommatore.vhd">
      <FileInfo>
        <Attr Name="ImportPath" Val="$PPRDIR/../12_provaDicembre/12_provaDicembre.srcs/sources_1/new/sommatore.vhd"/>
        <Attr Name="ImportTime" Val="1738074956"/>
        <Attr Name="UsedIn" Val="synthesis"/>
        <Attr Name="UsedIn" Val="simulation"/>
      </FileInfo>
    </File>
    <File Path="$PSRCDIR/sources_1/imports/new/unita_controllo_A.vhd">
      <FileInfo>
        <Attr Name="ImportPath" Val="$PPRDIR/../12_provaDicembre/12_provaDicembre.srcs/sources_1/new/unita_controllo_A.vhd"/>
        <Attr Name="ImportTime" Val="1738160107"/>
        <Attr Name="UsedIn" Val="synthesis"/>
        <Attr Name="UsedIn" Val="simulation"/>
      </FileInfo>
    </File>
    <File Path="$PSRCDIR/sources_1/imports/new/unita_controllo_B.vhd">
      <FileInfo>
        <Attr Name="ImportPath" Val="$PPRDIR/../12_provaDicembre/12_provaDicembre.srcs/sources_1/new/unita_controllo_B.vhd"/>
        <Attr Name="ImportTime" Val="1738099897"/>
        <Attr Name="UsedIn" Val="synthesis"/>
        <Attr Name="UsedIn" Val="simulation"/>
      </FileInfo>
    </File>
    <File Path="$PSRCDIR/sources_1/imports/new/sistema_complessivo.vhd">
      <FileInfo>
        <Attr Name="ImportPath" Val="$PPRDIR/../12_provaDicembre/12_provaDicembre.srcs/sources_1/new/sistema_complessivo.vhd"/>
        <Attr Name="ImportTime" Val="1738084896"/>
        <Attr Name="UsedIn" Val="synthesis"/>
        <Attr Name="UsedIn" Val="simulation"/>
      </FileInfo>
    </File>
    <Config>
      <Option Name="DesignMode" Val="RTL"/>
      <Option Name="TopModule" Val="sistema_complessivo"/>
      <Option Name="TopAutoSet" Val="TRUE"/>
    </Config>
  </FileSet>
  <FileSet Name="constrs_in" Type="Constrs" RelSrcDir="$PSRCDIR/constrs_1" RelGenDir="$PGENDIR/constrs_1">
    <Filter Type="Constrs"/>
    <Config>
      <Option Name="ConstrsType" Val="XDC"/>
    </Config>
  </FileSet>
  <FileSet Name="utils" Type="Utils" RelSrcDir="$PSRCDIR/utils_1" RelGenDir="$PGENDIR/utils_1">
    <Filter Type="Utils"/>
    <Config>
      <Option Name="TopAutoSet" Val="TRUE"/>
    </Config>
  </FileSet>
  <Strategy Version="1" Minor="2">
    <StratHandle Name="Vivado Implementation Defaults" Flow="Vivado Implementation 2023"/>
    <Step Id="init_design"/>
    <Step Id="opt_design"/>
    <Step Id="power_opt_design"/>
    <Step Id="place_design"/>
    <Step Id="post_place_power_opt_design"/>
    <Step Id="phys_opt_design"/>
    <Step Id="route_design"/>
    <Step Id="post_route_phys_opt_design"/>
    <Step Id="write_bitstream"/>
  </Strategy>
</GenRun>
