<?xml version="1.0" encoding="UTF-8"?>
<GenRun Id="synth_1" LaunchPart="xc7a100tcsg324-1" LaunchTime="1739040624" LaunchIncrCheckpoint="$PSRCDIR/utils_1/imports/synth_1/Sistema.dcp">
  <File Type="PA-TCL" Name="Sistema.tcl"/>
  <File Type="RDS-PROPCONSTRS" Name="Sistema_drc_synth.rpt"/>
  <File Type="REPORTS-TCL" Name="Sistema_reports.tcl"/>
  <File Type="RDS-RDS" Name="Sistema.vds"/>
  <File Type="RDS-UTIL" Name="Sistema_utilization_synth.rpt"/>
  <File Type="RDS-UTIL-PB" Name="Sistema_utilization_synth.pb"/>
  <File Type="RDS-DCP" Name="Sistema.dcp"/>
  <File Type="VDS-TIMINGSUMMARY" Name="Sistema_timing_summary_synth.rpt"/>
  <File Type="VDS-TIMING-PB" Name="Sistema_timing_summary_synth.pb"/>
  <FileSet Name="sources" Type="DesignSrcs" RelSrcDir="$PSRCDIR/sources_1" RelGenDir="$PGENDIR/sources_1">
    <Filter Type="Srcs"/>
    <File Path="$PSRCDIR/sources_1/imports/COMPONENTI/ButtonDebouncer.vhd">
      <FileInfo>
        <Attr Name="ImportPath" Val="$PPRDIR/../../../COMPONENTI/ButtonDebouncer.vhd"/>
        <Attr Name="ImportTime" Val="1731756671"/>
        <Attr Name="UsedIn" Val="synthesis"/>
        <Attr Name="UsedIn" Val="simulation"/>
      </FileInfo>
    </File>
    <File Path="$PSRCDIR/sources_1/imports/sources_1/new/Control_Unit.vhd">
      <FileInfo>
        <Attr Name="ImportPath" Val="$PPRDIR/../../Esercizio_6/Esercizio_6.srcs/sources_1/new/Control_Unit.vhd"/>
        <Attr Name="ImportTime" Val="1733567884"/>
        <Attr Name="UsedIn" Val="synthesis"/>
        <Attr Name="UsedIn" Val="simulation"/>
      </FileInfo>
    </File>
    <File Path="$PSRCDIR/sources_1/imports/sources_1/imports/new/M.vhd">
      <FileInfo>
        <Attr Name="ImportPath" Val="$PPRDIR/../../Esercizio_6/Esercizio_6.srcs/sources_1/imports/new/M.vhd"/>
        <Attr Name="ImportTime" Val="1733482267"/>
        <Attr Name="UsedIn" Val="synthesis"/>
        <Attr Name="UsedIn" Val="simulation"/>
      </FileInfo>
    </File>
    <File Path="$PSRCDIR/sources_1/imports/sources_1/new/MEM.vhd">
      <FileInfo>
        <Attr Name="ImportPath" Val="$PPRDIR/../../Esercizio_6/Esercizio_6.srcs/sources_1/new/MEM.vhd"/>
        <Attr Name="ImportTime" Val="1733567845"/>
        <Attr Name="UsedIn" Val="synthesis"/>
        <Attr Name="UsedIn" Val="simulation"/>
      </FileInfo>
    </File>
    <File Path="$PSRCDIR/sources_1/imports/sources_1/new/ROM.vhd">
      <FileInfo>
        <Attr Name="ImportPath" Val="$PPRDIR/../../Esercizio_6/Esercizio_6.srcs/sources_1/new/ROM.vhd"/>
        <Attr Name="ImportTime" Val="1733567862"/>
        <Attr Name="UsedIn" Val="synthesis"/>
        <Attr Name="UsedIn" Val="simulation"/>
      </FileInfo>
    </File>
    <File Path="$PSRCDIR/sources_1/imports/sources_1/new/contatore.vhd">
      <FileInfo>
        <Attr Name="ImportPath" Val="$PPRDIR/../../Esercizio_6/Esercizio_6.srcs/sources_1/new/contatore.vhd"/>
        <Attr Name="ImportTime" Val="1733567823"/>
        <Attr Name="UsedIn" Val="synthesis"/>
        <Attr Name="UsedIn" Val="simulation"/>
      </FileInfo>
    </File>
    <File Path="$PSRCDIR/sources_1/imports/sources_1/new/Sistema.vhd">
      <FileInfo>
        <Attr Name="ImportPath" Val="$PPRDIR/../../Esercizio_6/Esercizio_6.srcs/sources_1/new/Sistema.vhd"/>
        <Attr Name="ImportTime" Val="1733568161"/>
        <Attr Name="UsedIn" Val="synthesis"/>
        <Attr Name="UsedIn" Val="simulation"/>
      </FileInfo>
    </File>
    <Config>
      <Option Name="DesignMode" Val="RTL"/>
      <Option Name="TopModule" Val="Sistema"/>
      <Option Name="TopAutoSet" Val="TRUE"/>
    </Config>
  </FileSet>
  <FileSet Name="constrs_in" Type="Constrs" RelSrcDir="$PSRCDIR/constrs_1" RelGenDir="$PGENDIR/constrs_1">
    <Filter Type="Constrs"/>
    <File Path="$PPRDIR/../../../Magistrale/Architettura_dei_Sistemi_Digitali/vhdl/digilent-xdc-master/Nexys-A7-100T-Master.xdc">
      <FileInfo>
        <Attr Name="UsedIn" Val="synthesis"/>
        <Attr Name="UsedIn" Val="implementation"/>
      </FileInfo>
    </File>
    <Config>
      <Option Name="ConstrsType" Val="XDC"/>
    </Config>
  </FileSet>
  <FileSet Name="utils" Type="Utils" RelSrcDir="$PSRCDIR/utils_1" RelGenDir="$PGENDIR/utils_1">
    <Filter Type="Utils"/>
    <File Path="$PSRCDIR/utils_1/imports/synth_1/Sistema.dcp">
      <FileInfo>
        <Attr Name="UsedIn" Val="synthesis"/>
        <Attr Name="UsedIn" Val="implementation"/>
        <Attr Name="UsedInSteps" Val="synth_1"/>
        <Attr Name="AutoDcp" Val="1"/>
      </FileInfo>
    </File>
    <Config>
      <Option Name="TopAutoSet" Val="TRUE"/>
    </Config>
  </FileSet>
  <Strategy Version="1" Minor="2">
    <StratHandle Name="Vivado Synthesis Defaults" Flow="Vivado Synthesis 2023"/>
    <Step Id="synth_design"/>
  </Strategy>
</GenRun>
