<?xml version="1.0" encoding="UTF-8"?>
<GenRun Id="synth_1" LaunchPart="xc7a100tcsg324-1" LaunchTime="1738685271" LaunchIncrCheckpoint="$PSRCDIR/utils_1/imports/synth_1/control_unit.dcp">
  <File Type="PA-TCL" Name="control_unit.tcl"/>
  <File Type="RDS-PROPCONSTRS" Name="control_unit_drc_synth.rpt"/>
  <File Type="REPORTS-TCL" Name="control_unit_reports.tcl"/>
  <File Type="RDS-RDS" Name="control_unit.vds"/>
  <File Type="RDS-UTIL" Name="control_unit_utilization_synth.rpt"/>
  <File Type="RDS-UTIL-PB" Name="control_unit_utilization_synth.pb"/>
  <File Type="RDS-DCP" Name="control_unit.dcp"/>
  <File Type="VDS-TIMINGSUMMARY" Name="control_unit_timing_summary_synth.rpt"/>
  <File Type="VDS-TIMING-PB" Name="control_unit_timing_summary_synth.pb"/>
  <FileSet Name="sources" Type="DesignSrcs" RelSrcDir="$PSRCDIR/sources_1" RelGenDir="$PGENDIR/sources_1">
    <Filter Type="Srcs"/>
    <File Path="$PSRCDIR/sources_1/imports/vivado-workspace/miei/demux_1_2/demux_1_2.srcs/sources_1/new/demux_1_2.vhd">
      <FileInfo>
        <Attr Name="ImportPath" Val="$PPRDIR/../demux_1_2/demux_1_2.srcs/sources_1/new/demux_1_2.vhd"/>
        <Attr Name="ImportTime" Val="1732195443"/>
        <Attr Name="UsedIn" Val="synthesis"/>
        <Attr Name="UsedIn" Val="simulation"/>
      </FileInfo>
    </File>
    <File Path="$PSRCDIR/sources_1/imports/vivado-workspace/miei/demux_1_4/demux_1_4.srcs/sources_1/new/demux_1_4.vhd">
      <FileInfo>
        <Attr Name="ImportPath" Val="$PPRDIR/../demux_1_4/demux_1_4.srcs/sources_1/new/demux_1_4.vhd"/>
        <Attr Name="ImportTime" Val="1732202587"/>
        <Attr Name="UsedIn" Val="synthesis"/>
        <Attr Name="UsedIn" Val="simulation"/>
      </FileInfo>
    </File>
    <File Path="$PSRCDIR/sources_1/imports/new/interconnection_net_16_4.vhd">
      <FileInfo>
        <Attr Name="ImportPath" Val="$PPRDIR/../1_2_interconnection_net_16_4/interconnection_net_16_4.srcs/sources_1/new/interconnection_net_16_4.vhd"/>
        <Attr Name="ImportTime" Val="1732812126"/>
        <Attr Name="UsedIn" Val="synthesis"/>
        <Attr Name="UsedIn" Val="simulation"/>
      </FileInfo>
    </File>
    <File Path="$PSRCDIR/sources_1/imports/new/mux_16_1.vhd">
      <FileInfo>
        <Attr Name="ImportPath" Val="$PPRDIR/../mux_16_1/mux_16_1.srcs/sources_1/new/mux_16_1.vhd"/>
        <Attr Name="ImportTime" Val="1732806898"/>
        <Attr Name="UsedIn" Val="synthesis"/>
        <Attr Name="UsedIn" Val="simulation"/>
      </FileInfo>
    </File>
    <File Path="$PSRCDIR/sources_1/imports/sources_1/imports/sources_1/imports/1-multiplexer21_dataflow/mux_2_1.vhd">
      <FileInfo>
        <Attr Name="ImportPath" Val="$PPRDIR/../1_1_mux_16_1/mux_16_1.srcs/sources_1/imports/sources_1/imports/1-multiplexer21_dataflow/mux_2_1.vhd"/>
        <Attr Name="ImportTime" Val="1729760930"/>
        <Attr Name="UsedIn" Val="synthesis"/>
        <Attr Name="UsedIn" Val="simulation"/>
      </FileInfo>
    </File>
    <File Path="$PSRCDIR/sources_1/imports/vivado-workspace/2_MUX4_1_structural/2_MUX4_1_structural.srcs/sources_1/new/mux_4_1.vhd">
      <FileInfo>
        <Attr Name="ImportPath" Val="$PPRDIR/../../2_MUX4_1_structural/2_MUX4_1_structural.srcs/sources_1/new/mux_4_1.vhd"/>
        <Attr Name="ImportTime" Val="1696257840"/>
        <Attr Name="UsedIn" Val="synthesis"/>
        <Attr Name="UsedIn" Val="simulation"/>
      </FileInfo>
    </File>
    <File Path="$PSRCDIR/sources_1/new/control_unit.vhd">
      <FileInfo>
        <Attr Name="UsedIn" Val="synthesis"/>
        <Attr Name="UsedIn" Val="simulation"/>
      </FileInfo>
    </File>
    <Config>
      <Option Name="DesignMode" Val="RTL"/>
      <Option Name="TopModule" Val="control_unit"/>
      <Option Name="TopAutoSet" Val="TRUE"/>
    </Config>
  </FileSet>
  <FileSet Name="constrs_in" Type="Constrs" RelSrcDir="$PSRCDIR/constrs_1" RelGenDir="$PGENDIR/constrs_1">
    <Filter Type="Constrs"/>
    <File Path="$PSRCDIR/constrs_1/imports/digilent-xdc-master/Nexys-A7-100T-Master.xdc">
      <FileInfo>
        <Attr Name="ImportPath" Val="$PPRDIR/../../digilent-xdc-master/Nexys-A7-100T-Master.xdc"/>
        <Attr Name="ImportTime" Val="1593211829"/>
        <Attr Name="UsedIn" Val="synthesis"/>
        <Attr Name="UsedIn" Val="implementation"/>
      </FileInfo>
    </File>
    <Config>
      <Option Name="ConstrsType" Val="XDC"/>
    </Config>
  </FileSet>
  <FileSet Name="utils" Type="Utils" RelSrcDir="$PSRCDIR/utils_1" RelGenDir="$PGENDIR/utils_1">
    <Filter Type="Utils"/>
    <File Path="$PSRCDIR/utils_1/imports/synth_1/control_unit.dcp">
      <FileInfo>
        <Attr Name="UsedIn" Val="synthesis"/>
        <Attr Name="UsedIn" Val="implementation"/>
        <Attr Name="UsedInSteps" Val="synth_1"/>
        <Attr Name="AutoDcp" Val="1"/>
      </FileInfo>
    </File>
    <Config>
      <Option Name="TopAutoSet" Val="TRUE"/>
    </Config>
  </FileSet>
  <Strategy Version="1" Minor="2">
    <StratHandle Name="Vivado Synthesis Defaults" Flow="Vivado Synthesis 2023"/>
    <Step Id="synth_design"/>
  </Strategy>
</GenRun>
