<?xml version="1.0" encoding="UTF-8"?>
<GenRun Id="impl_1" LaunchPart="xc7a100tcsg324-1" LaunchTime="1737657611">
  <File Type="ROUTE-PWR" Name="Cronometro_Board_power_routed.rpt"/>
  <File Type="PA-TCL" Name="Cronometro_Board.tcl"/>
  <File Type="ROUTE-PWR-SUM" Name="Cronometro_Board_power_summary_routed.pb"/>
  <File Type="REPORTS-TCL" Name="Cronometro_Board_reports.tcl"/>
  <File Type="BITSTR-MSK" Name="Cronometro_Board.msk"/>
  <File Type="ROUTE-CLK" Name="Cronometro_Board_clock_utilization_routed.rpt"/>
  <File Type="RDI-RDI" Name="Cronometro_Board.vdi"/>
  <File Type="POSTROUTE-PHYSOPT-BUS-SKEW-PB" Name="Cronometro_Board_bus_skew_postroute_physopted.pb"/>
  <File Type="BG-BIT" Name="Cronometro_Board.bit"/>
  <File Type="BG-DRC" Name="Cronometro_Board.drc"/>
  <File Type="BG-BGN" Name="Cronometro_Board.bgn"/>
  <File Type="BG-BIN" Name="Cronometro_Board.bin"/>
  <File Type="BITSTR-RBT" Name="Cronometro_Board.rbt"/>
  <File Type="BITSTR-NKY" Name="Cronometro_Board.nky"/>
  <File Type="BITSTR-BMM" Name="Cronometro_Board_bd.bmm"/>
  <File Type="BITSTR-MMI" Name="Cronometro_Board.mmi"/>
  <File Type="ROUTE-METHODOLOGY-DRC" Name="Cronometro_Board_methodology_drc_routed.rpt"/>
  <File Type="BITSTR-SYSDEF" Name="Cronometro_Board.sysdef"/>
  <File Type="ROUTE-METHODOLOGY-DRC-PB" Name="Cronometro_Board_methodology_drc_routed.pb"/>
  <File Type="BITSTR-LTX" Name="debug_nets.ltx"/>
  <File Type="BITSTR-LTX" Name="Cronometro_Board.ltx"/>
  <File Type="BOOT-PDI-FILE" Name="Cronometro_Board_soc.pdi"/>
  <File Type="WBT-USG" Name="usage_statistics_webtalk.html"/>
  <File Type="NPI_FILE" Name="Cronometro_Board.npi"/>
  <File Type="OPT-DRC" Name="Cronometro_Board_drc_opted.rpt"/>
  <File Type="RBD_FILE" Name="Cronometro_Board.rbd"/>
  <File Type="OPT-HWDEF" Name="Cronometro_Board.hwdef"/>
  <File Type="PLACE-IO" Name="Cronometro_Board_io_placed.rpt"/>
  <File Type="PLACE-UTIL" Name="Cronometro_Board_utilization_placed.rpt"/>
  <File Type="PLACE-UTIL-PB" Name="Cronometro_Board_utilization_placed.pb"/>
  <File Type="PLACE-CTRL" Name="Cronometro_Board_control_sets_placed.rpt"/>
  <File Type="PLACE-PRE-SIMILARITY" Name="Cronometro_Board_incremental_reuse_pre_placed.rpt"/>
  <File Type="ROUTE-DRC" Name="Cronometro_Board_drc_routed.rpt"/>
  <File Type="ROUTE-DRC-PB" Name="Cronometro_Board_drc_routed.pb"/>
  <File Type="ROUTE-PWR-RPX" Name="Cronometro_Board_power_routed.rpx"/>
  <File Type="ROUTE-STATUS" Name="Cronometro_Board_route_status.rpt"/>
  <File Type="ROUTE-STATUS-PB" Name="Cronometro_Board_route_status.pb"/>
  <File Type="ROUTE-DCP" Name="Cronometro_Board_routed.dcp"/>
  <File Type="ROUTE-ERROR-DCP" Name="Cronometro_Board_routed_error.dcp"/>
  <File Type="ROUTE-BLACKBOX-DCP" Name="Cronometro_Board_routed_bb.dcp"/>
  <File Type="ROUTE-TIMINGSUMMARY" Name="Cronometro_Board_timing_summary_routed.rpt"/>
  <File Type="ROUTE-TIMING-PB" Name="Cronometro_Board_timing_summary_routed.pb"/>
  <File Type="ROUTE-TIMING-RPX" Name="Cronometro_Board_timing_summary_routed.rpx"/>
  <File Type="ROUTE-SIMILARITY" Name="Cronometro_Board_incremental_reuse_routed.rpt"/>
  <File Type="ROUTE-BUS-SKEW" Name="Cronometro_Board_bus_skew_routed.rpt"/>
  <File Type="ROUTE-BUS-SKEW-PB" Name="Cronometro_Board_bus_skew_routed.pb"/>
  <File Type="ROUTE-BUS-SKEW-RPX" Name="Cronometro_Board_bus_skew_routed.rpx"/>
  <File Type="OPT-DCP" Name="Cronometro_Board_opt.dcp"/>
  <File Type="PLACE-DCP" Name="Cronometro_Board_placed.dcp"/>
  <File Type="PWROPT-DCP" Name="Cronometro_Board_pwropt.dcp"/>
  <File Type="POSTPLACE-PWROPT-DCP" Name="Cronometro_Board_postplace_pwropt.dcp"/>
  <File Type="PHYSOPT-DCP" Name="Cronometro_Board_physopt.dcp"/>
  <File Type="POSTROUTE-PHYSOPT-DCP" Name="Cronometro_Board_postroute_physopt.dcp"/>
  <File Type="POSTROUTE-PHYSOPT-BLACKBOX-DCP" Name="Cronometro_Board_postroute_physopt_bb.dcp"/>
  <File Type="POSTROUTE-PHYSOPT-TIMING" Name="Cronometro_Board_timing_summary_postroute_physopted.rpt"/>
  <File Type="POSTROUTE-PHYSOPT-TIMING-PB" Name="Cronometro_Board_timing_summary_postroute_physopted.pb"/>
  <File Type="POSTROUTE-PHYSOPT-TIMING-RPX" Name="Cronometro_Board_timing_summary_postroute_physopted.rpx"/>
  <File Type="POSTROUTE-PHYSOPT-BUS-SKEW" Name="Cronometro_Board_bus_skew_postroute_physopted.rpt"/>
  <File Type="POSTROUTE-PHYSOPT-BUS-SKEW-RPX" Name="Cronometro_Board_bus_skew_postroute_physopted.rpx"/>
  <File Type="ROUTE-DRC-RPX" Name="Cronometro_Board_drc_routed.rpx"/>
  <File Type="ROUTE-METHODOLOGY-DRC-RPX" Name="Cronometro_Board_methodology_drc_routed.rpx"/>
  <File Type="PDI-FILE" Name="Cronometro_Board.pdi"/>
  <File Type="PL-PDI-FILE" Name="Cronometro_Board_pld.pdi"/>
  <File Type="RCFI_FILE" Name="Cronometro_Board.rcfi"/>
  <File Type="CFI_FILE" Name="Cronometro_Board.cfi"/>
  <File Type="RNPI_FILE" Name="Cronometro_Board.rnpi"/>
  <File Type="ROUTE-RQS" Name="Cronometro_Board_routed.rqs"/>
  <File Type="POSTROUTE-PHYSOPT-RQS" Name="Cronometro_Board_postroute_physopted.rqs"/>
  <File Type="ROUTE-RQS-RPT" Name="route_report_qor_suggestions_0.rpt"/>
  <File Type="POSTROUTE-PHYSOPT-RQS-RPT" Name="postroute_physopt_report_qor_suggestions_0.rpt"/>
  <FileSet Name="sources" Type="DesignSrcs" RelSrcDir="$PSRCDIR/sources_1" RelGenDir="$PGENDIR/sources_1">
    <Filter Type="Srcs"/>
    <File Path="$PSRCDIR/sources_1/imports/tmp_5_2/Acquisizione.vhd">
      <FileInfo>
        <Attr Name="ImportPath" Val="$PPRDIR/../../../../../tmp_5_2/Acquisizione.vhd"/>
        <Attr Name="ImportTime" Val="1711028247"/>
        <Attr Name="UsedIn" Val="synthesis"/>
        <Attr Name="UsedIn" Val="simulation"/>
      </FileInfo>
    </File>
    <File Path="$PSRCDIR/sources_1/imports/tmp_5_2/ButtonDebouncer.vhd">
      <FileInfo>
        <Attr Name="ImportPath" Val="$PPRDIR/../../../../../tmp_5_2/ButtonDebouncer.vhd"/>
        <Attr Name="ImportTime" Val="1711028247"/>
        <Attr Name="UsedIn" Val="synthesis"/>
        <Attr Name="UsedIn" Val="simulation"/>
      </FileInfo>
    </File>
    <File Path="$PSRCDIR/sources_1/imports/tmp_5_2/Cronometro.vhd">
      <FileInfo>
        <Attr Name="ImportPath" Val="$PPRDIR/../../../../../tmp_5_2/Cronometro.vhd"/>
        <Attr Name="ImportTime" Val="1711028247"/>
        <Attr Name="UsedIn" Val="synthesis"/>
        <Attr Name="UsedIn" Val="simulation"/>
      </FileInfo>
    </File>
    <File Path="$PSRCDIR/sources_1/imports/tmp_5_2/Encoder.vhd">
      <FileInfo>
        <Attr Name="ImportPath" Val="$PPRDIR/../../../../../tmp_5_2/Encoder.vhd"/>
        <Attr Name="ImportTime" Val="1711028247"/>
        <Attr Name="UsedIn" Val="synthesis"/>
        <Attr Name="UsedIn" Val="simulation"/>
      </FileInfo>
    </File>
    <File Path="$PSRCDIR/sources_1/imports/tmp_5_2/anodes_manager.vhd">
      <FileInfo>
        <Attr Name="ImportPath" Val="$PPRDIR/../../../../../tmp_5_2/anodes_manager.vhd"/>
        <Attr Name="ImportTime" Val="1711028247"/>
        <Attr Name="UsedIn" Val="synthesis"/>
        <Attr Name="UsedIn" Val="simulation"/>
      </FileInfo>
    </File>
    <File Path="$PSRCDIR/sources_1/imports/tmp_5_2/cathodes_manager.vhd">
      <FileInfo>
        <Attr Name="ImportPath" Val="$PPRDIR/../../../../../tmp_5_2/cathodes_manager.vhd"/>
        <Attr Name="ImportTime" Val="1711028247"/>
        <Attr Name="UsedIn" Val="synthesis"/>
        <Attr Name="UsedIn" Val="simulation"/>
      </FileInfo>
    </File>
    <File Path="$PSRCDIR/sources_1/imports/tmp_5_2/clock_filter.vhd">
      <FileInfo>
        <Attr Name="ImportPath" Val="$PPRDIR/../../../../../tmp_5_2/clock_filter.vhd"/>
        <Attr Name="ImportTime" Val="1711028247"/>
        <Attr Name="UsedIn" Val="synthesis"/>
        <Attr Name="UsedIn" Val="simulation"/>
      </FileInfo>
    </File>
    <File Path="$PSRCDIR/sources_1/imports/tmp_5_2/counter.vhd">
      <FileInfo>
        <Attr Name="ImportPath" Val="$PPRDIR/../../../../../tmp_5_2/counter.vhd"/>
        <Attr Name="ImportTime" Val="1711028247"/>
        <Attr Name="UsedIn" Val="synthesis"/>
        <Attr Name="UsedIn" Val="simulation"/>
      </FileInfo>
    </File>
    <File Path="$PSRCDIR/sources_1/imports/tmp_5_2/counter_mod8.vhd">
      <FileInfo>
        <Attr Name="ImportPath" Val="$PPRDIR/../../../../../tmp_5_2/counter_mod8.vhd"/>
        <Attr Name="ImportTime" Val="1711028247"/>
        <Attr Name="UsedIn" Val="synthesis"/>
        <Attr Name="UsedIn" Val="simulation"/>
      </FileInfo>
    </File>
    <File Path="$PSRCDIR/sources_1/imports/tmp_5_2/display_seven_segments.vhd">
      <FileInfo>
        <Attr Name="ImportPath" Val="$PPRDIR/../../../../../tmp_5_2/display_seven_segments.vhd"/>
        <Attr Name="ImportTime" Val="1711028247"/>
        <Attr Name="UsedIn" Val="synthesis"/>
        <Attr Name="UsedIn" Val="simulation"/>
      </FileInfo>
    </File>
    <File Path="$PSRCDIR/sources_1/imports/tmp_5_2/Cronometro_Board.vhd">
      <FileInfo>
        <Attr Name="ImportPath" Val="$PPRDIR/../../../../../tmp_5_2/Cronometro_Board.vhd"/>
        <Attr Name="ImportTime" Val="1711028247"/>
        <Attr Name="UsedIn" Val="synthesis"/>
        <Attr Name="UsedIn" Val="simulation"/>
      </FileInfo>
    </File>
    <Config>
      <Option Name="DesignMode" Val="RTL"/>
      <Option Name="TopModule" Val="Cronometro_Board"/>
      <Option Name="TopAutoSet" Val="TRUE"/>
    </Config>
  </FileSet>
  <FileSet Name="constrs_in" Type="Constrs" RelSrcDir="$PSRCDIR/constrs_1" RelGenDir="$PGENDIR/constrs_1">
    <Filter Type="Constrs"/>
    <File Path="$PSRCDIR/constrs_1/imports/tmp_5_2/Nexys-A7-100T-Master.xdc">
      <FileInfo>
        <Attr Name="ImportPath" Val="$PPRDIR/../../../../../tmp_5_2/Nexys-A7-100T-Master.xdc"/>
        <Attr Name="ImportTime" Val="1711028247"/>
        <Attr Name="UsedIn" Val="synthesis"/>
        <Attr Name="UsedIn" Val="implementation"/>
      </FileInfo>
    </File>
    <Config>
      <Option Name="ConstrsType" Val="XDC"/>
    </Config>
  </FileSet>
  <FileSet Name="utils" Type="Utils" RelSrcDir="$PSRCDIR/utils_1" RelGenDir="$PGENDIR/utils_1">
    <Filter Type="Utils"/>
    <Config>
      <Option Name="TopAutoSet" Val="TRUE"/>
    </Config>
  </FileSet>
  <Strategy Version="1" Minor="2">
    <StratHandle Name="Vivado Implementation Defaults" Flow="Vivado Implementation 2023"/>
    <Step Id="init_design"/>
    <Step Id="opt_design"/>
    <Step Id="power_opt_design"/>
    <Step Id="place_design"/>
    <Step Id="post_place_power_opt_design"/>
    <Step Id="phys_opt_design"/>
    <Step Id="route_design"/>
    <Step Id="post_route_phys_opt_design"/>
    <Step Id="write_bitstream"/>
    <Step Id="write_device_image"/>
  </Strategy>
</GenRun>
