<?xml version="1.0" encoding="UTF-8"?>
<GenRun Id="impl_1" LaunchPart="xc7a100tcsg324-1" LaunchTime="1732578088">
  <File Type="ROUTE-PWR" Name="TopModule_power_routed.rpt"/>
  <File Type="PA-TCL" Name="TopModule.tcl"/>
  <File Type="ROUTE-PWR-SUM" Name="TopModule_power_summary_routed.pb"/>
  <File Type="REPORTS-TCL" Name="TopModule_reports.tcl"/>
  <File Type="OPT-RQA-PB" Name="TopModule_rqa_opted.pb"/>
  <File Type="BITSTR-MMI" Name="TopModule.mmi"/>
  <File Type="OPT-METHODOLOGY-DRC" Name="TopModule_methodology_drc_opted.rpt"/>
  <File Type="INIT-TIMING" Name="TopModule_timing_summary_init.rpt"/>
  <File Type="OPT-TIMING" Name="TopModule_timing_summary_opted.rpt"/>
  <File Type="OPT-DCP" Name="TopModule_opt.dcp"/>
  <File Type="OPT-DRC" Name="TopModule_drc_opted.rpt"/>
  <File Type="OPT-HWDEF" Name="TopModule.hwdef"/>
  <File Type="PWROPT-DCP" Name="TopModule_pwropt.dcp"/>
  <File Type="PWROPT-DRC" Name="TopModule_drc_pwropted.rpt"/>
  <File Type="PWROPT-TIMING" Name="TopModule_timing_summary_pwropted.rpt"/>
  <File Type="PLACE-DCP" Name="TopModule_placed.dcp"/>
  <File Type="PLACE-IO" Name="TopModule_io_placed.rpt"/>
  <File Type="PLACE-CLK" Name="TopModule_clock_utilization_placed.rpt"/>
  <File Type="PLACE-UTIL" Name="TopModule_utilization_placed.rpt"/>
  <File Type="PLACE-UTIL-PB" Name="TopModule_utilization_placed.pb"/>
  <File Type="PLACE-CTRL" Name="TopModule_control_sets_placed.rpt"/>
  <File Type="PLACE-SIMILARITY" Name="TopModule_incremental_reuse_placed.rpt"/>
  <File Type="PLACE-PRE-SIMILARITY" Name="TopModule_incremental_reuse_pre_placed.rpt"/>
  <File Type="BG-BIN" Name="TopModule.bin"/>
  <File Type="PLACE-TIMING" Name="TopModule_timing_summary_placed.rpt"/>
  <File Type="ROUTE-PWR-RPX" Name="TopModule_power_routed.rpx"/>
  <File Type="PLACE-RQA-PB" Name="TopModule_rqa_placed.pb"/>
  <File Type="POSTPLACE-PWROPT-DCP" Name="TopModule_postplace_pwropt.dcp"/>
  <File Type="BITSTR-MSK" Name="TopModule.msk"/>
  <File Type="POSTPLACE-PWROPT-TIMING" Name="TopModule_timing_summary_postplace_pwropted.rpt"/>
  <File Type="PHYSOPT-DCP" Name="TopModule_physopt.dcp"/>
  <File Type="PHYSOPT-DRC" Name="TopModule_drc_physopted.rpt"/>
  <File Type="BITSTR-RBT" Name="TopModule.rbt"/>
  <File Type="PHYSOPT-TIMING" Name="TopModule_timing_summary_physopted.rpt"/>
  <File Type="ROUTE-ERROR-DCP" Name="TopModule_routed_error.dcp"/>
  <File Type="ROUTE-DCP" Name="TopModule_routed.dcp"/>
  <File Type="ROUTE-BLACKBOX-DCP" Name="TopModule_routed_bb.dcp"/>
  <File Type="ROUTE-DRC" Name="TopModule_drc_routed.rpt"/>
  <File Type="ROUTE-DRC-PB" Name="TopModule_drc_routed.pb"/>
  <File Type="ROUTE-DRC-RPX" Name="TopModule_drc_routed.rpx"/>
  <File Type="ROUTE-METHODOLOGY-DRC" Name="TopModule_methodology_drc_routed.rpt"/>
  <File Type="ROUTE-METHODOLOGY-DRC-RPX" Name="TopModule_methodology_drc_routed.rpx"/>
  <File Type="ROUTE-METHODOLOGY-DRC-PB" Name="TopModule_methodology_drc_routed.pb"/>
  <File Type="ROUTE-RQS-PB" Name="TopModule_rqs_routed.pb"/>
  <File Type="ROUTE-STATUS" Name="TopModule_route_status.rpt"/>
  <File Type="ROUTE-STATUS-PB" Name="TopModule_route_status.pb"/>
  <File Type="ROUTE-TIMINGSUMMARY" Name="TopModule_timing_summary_routed.rpt"/>
  <File Type="ROUTE-TIMING-PB" Name="TopModule_timing_summary_routed.pb"/>
  <File Type="ROUTE-TIMING-RPX" Name="TopModule_timing_summary_routed.rpx"/>
  <File Type="ROUTE-SIMILARITY" Name="TopModule_incremental_reuse_routed.rpt"/>
  <File Type="ROUTE-CLK" Name="TopModule_clock_utilization_routed.rpt"/>
  <File Type="ROUTE-BUS-SKEW" Name="TopModule_bus_skew_routed.rpt"/>
  <File Type="ROUTE-BUS-SKEW-PB" Name="TopModule_bus_skew_routed.pb"/>
  <File Type="ROUTE-BUS-SKEW-RPX" Name="TopModule_bus_skew_routed.rpx"/>
  <File Type="POSTROUTE-PHYSOPT-DCP" Name="TopModule_postroute_physopt.dcp"/>
  <File Type="POSTROUTE-PHYSOPT-BLACKBOX-DCP" Name="TopModule_postroute_physopt_bb.dcp"/>
  <File Type="POSTROUTE-PHYSOPT-TIMING" Name="TopModule_timing_summary_postroute_physopted.rpt"/>
  <File Type="POSTROUTE-PHYSOPT-TIMING-PB" Name="TopModule_timing_summary_postroute_physopted.pb"/>
  <File Type="POSTROUTE-PHYSOPT-TIMING-RPX" Name="TopModule_timing_summary_postroute_physopted.rpx"/>
  <File Type="POSTROUTE-PHYSOPT-BUS-SKEW" Name="TopModule_bus_skew_postroute_physopted.rpt"/>
  <File Type="BG-BIT" Name="TopModule.bit"/>
  <File Type="POSTROUTE-PHYSOPT-BUS-SKEW-PB" Name="TopModule_bus_skew_postroute_physopted.pb"/>
  <File Type="POSTROUTE-PHYSOPT-BUS-SKEW-RPX" Name="TopModule_bus_skew_postroute_physopted.rpx"/>
  <File Type="BITSTR-NKY" Name="TopModule.nky"/>
  <File Type="BITSTR-BMM" Name="TopModule_bd.bmm"/>
  <File Type="PDI-FILE" Name="TopModule.pdi"/>
  <File Type="BOOT-PDI-FILE" Name="TopModule_soc.pdi"/>
  <File Type="PL-PDI-FILE" Name="TopModule_pld.pdi"/>
  <File Type="RCFI_FILE" Name="TopModule.rcfi"/>
  <File Type="CFI_FILE" Name="TopModule.cfi"/>
  <File Type="RNPI_FILE" Name="TopModule.rnpi"/>
  <File Type="NPI_FILE" Name="TopModule.npi"/>
  <File Type="RBD_FILE" Name="TopModule.rbd"/>
  <File Type="BITSTR-LTX" Name="debug_nets.ltx"/>
  <File Type="BITSTR-LTX" Name="TopModule.ltx"/>
  <File Type="BITSTR-SYSDEF" Name="TopModule.sysdef"/>
  <File Type="BG-BGN" Name="TopModule.bgn"/>
  <File Type="BG-DRC" Name="TopModule.drc"/>
  <File Type="RDI-RDI" Name="TopModule.vdi"/>
  <File Type="WBT-USG" Name="usage_statistics_webtalk.html"/>
  <File Type="ROUTE-RQS" Name="TopModule_routed.rqs"/>
  <File Type="POSTROUTE-PHYSOPT-RQS" Name="TopModule_postroute_physopted.rqs"/>
  <File Type="ROUTE-RQS-RPT" Name="route_report_qor_suggestions_0.rpt"/>
  <File Type="POSTROUTE-PHYSOPT-RQS-RPT" Name="postroute_physopt_report_qor_suggestions_0.rpt"/>
  <FileSet Name="sources" Type="DesignSrcs" RelSrcDir="$PSRCDIR/sources_1" RelGenDir="$PGENDIR/sources_1">
    <Filter Type="Srcs"/>
    <File Path="$PSRCDIR/sources_1/new/control_unit.vhd">
      <FileInfo>
        <Attr Name="UsedIn" Val="synthesis"/>
        <Attr Name="UsedIn" Val="simulation"/>
      </FileInfo>
    </File>
    <File Path="$PSRCDIR/sources_1/imports/new/riconoscitoreSequenza.vhd">
      <FileInfo>
        <Attr Name="ImportPath" Val="$PPRDIR/../3_1_riconoscitoreSequenza/3_1_riconoscitoreSequenza.srcs/sources_1/new/riconoscitoreSequenza.vhd"/>
        <Attr Name="ImportTime" Val="1732573665"/>
        <Attr Name="UsedIn" Val="synthesis"/>
        <Attr Name="UsedIn" Val="simulation"/>
      </FileInfo>
    </File>
    <File Path="$PSRCDIR/sources_1/new/TopModule.vhd">
      <FileInfo>
        <Attr Name="UsedIn" Val="synthesis"/>
        <Attr Name="UsedIn" Val="simulation"/>
      </FileInfo>
    </File>
    <Config>
      <Option Name="DesignMode" Val="RTL"/>
      <Option Name="TopModule" Val="TopModule"/>
      <Option Name="TopAutoSet" Val="TRUE"/>
    </Config>
  </FileSet>
  <FileSet Name="constrs_in" Type="Constrs" RelSrcDir="$PSRCDIR/constrs_1" RelGenDir="$PGENDIR/constrs_1">
    <Filter Type="Constrs"/>
    <File Path="$PSRCDIR/constrs_1/imports/digilent-xdc-master/Nexys-A7-100T-Master.xdc">
      <FileInfo>
        <Attr Name="ImportPath" Val="$PPRDIR/../../digilent-xdc-master/Nexys-A7-100T-Master.xdc"/>
        <Attr Name="ImportTime" Val="1593211829"/>
        <Attr Name="UsedIn" Val="synthesis"/>
        <Attr Name="UsedIn" Val="implementation"/>
      </FileInfo>
    </File>
    <Config>
      <Option Name="ConstrsType" Val="XDC"/>
    </Config>
  </FileSet>
  <FileSet Name="utils" Type="Utils" RelSrcDir="$PSRCDIR/utils_1" RelGenDir="$PGENDIR/utils_1">
    <Filter Type="Utils"/>
    <File Path="$PSRCDIR/utils_1/imports/synth_1/TopModule.dcp">
      <FileInfo>
        <Attr Name="UsedIn" Val="synthesis"/>
        <Attr Name="UsedIn" Val="implementation"/>
        <Attr Name="UsedInSteps" Val="synth_1"/>
        <Attr Name="AutoDcp" Val="1"/>
      </FileInfo>
    </File>
    <Config>
      <Option Name="TopAutoSet" Val="TRUE"/>
    </Config>
  </FileSet>
  <Strategy Version="1" Minor="2">
    <StratHandle Name="Vivado Implementation Defaults" Flow="Vivado Implementation 2023">
      <Desc>Default settings for Implementation.</Desc>
    </StratHandle>
    <Step Id="init_design"/>
    <Step Id="opt_design"/>
    <Step Id="power_opt_design"/>
    <Step Id="place_design"/>
    <Step Id="post_place_power_opt_design"/>
    <Step Id="phys_opt_design"/>
    <Step Id="route_design"/>
    <Step Id="post_route_phys_opt_design"/>
    <Step Id="write_bitstream"/>
  </Strategy>
</GenRun>
