<?xml version="1.0" encoding="UTF-8"?>
<GenRun Id="synth_1" LaunchPart="xc7a100tcsg324-1" LaunchTime="1740135185">
  <File Type="PA-TCL" Name="sistema_complessivo.tcl"/>
  <File Type="RDS-PROPCONSTRS" Name="sistema_complessivo_drc_synth.rpt"/>
  <File Type="REPORTS-TCL" Name="sistema_complessivo_reports.tcl"/>
  <File Type="RDS-RDS" Name="sistema_complessivo.vds"/>
  <File Type="RDS-UTIL" Name="sistema_complessivo_utilization_synth.rpt"/>
  <File Type="RDS-UTIL-PB" Name="sistema_complessivo_utilization_synth.pb"/>
  <File Type="RDS-DCP" Name="sistema_complessivo.dcp"/>
  <File Type="VDS-TIMINGSUMMARY" Name="sistema_complessivo_timing_summary_synth.rpt"/>
  <File Type="VDS-TIMING-PB" Name="sistema_complessivo_timing_summary_synth.pb"/>
  <FileSet Name="sources" Type="DesignSrcs" RelSrcDir="$PSRCDIR/sources_1" RelGenDir="$PGENDIR/sources_1">
    <Filter Type="Srcs"/>
    <File Path="$PSRCDIR/sources_1/imports/new/Rom_8_4.vhd">
      <FileInfo>
        <Attr Name="ImportPath" Val="$PPRDIR/../12_provaDicembre/12_provaDicembre.srcs/sources_1/new/Rom_8_4.vhd"/>
        <Attr Name="ImportTime" Val="1738163881"/>
        <Attr Name="UsedIn" Val="synthesis"/>
        <Attr Name="UsedIn" Val="simulation"/>
      </FileInfo>
    </File>
    <File Path="$PSRCDIR/sources_1/imports/new/contatore_mod_8.vhd">
      <FileInfo>
        <Attr Name="ImportPath" Val="$PPRDIR/../12_provaDicembre/12_provaDicembre.srcs/sources_1/new/contatore_mod_8.vhd"/>
        <Attr Name="ImportTime" Val="1738078408"/>
        <Attr Name="UsedIn" Val="synthesis"/>
        <Attr Name="UsedIn" Val="simulation"/>
      </FileInfo>
    </File>
    <File Path="$PSRCDIR/sources_1/imports/new/registro.vhd">
      <FileInfo>
        <Attr Name="ImportPath" Val="$PPRDIR/../12_provaDicembre/12_provaDicembre.srcs/sources_1/new/registro.vhd"/>
        <Attr Name="ImportTime" Val="1738074847"/>
        <Attr Name="UsedIn" Val="synthesis"/>
        <Attr Name="UsedIn" Val="simulation"/>
      </FileInfo>
    </File>
    <File Path="$PSRCDIR/sources_1/imports/new/sistema_a.vhd">
      <FileInfo>
        <Attr Name="ImportPath" Val="$PPRDIR/../12_provaDicembre/12_provaDicembre.srcs/sources_1/new/sistema_a.vhd"/>
        <Attr Name="ImportTime" Val="1738088064"/>
        <Attr Name="UsedIn" Val="synthesis"/>
        <Attr Name="UsedIn" Val="simulation"/>
      </FileInfo>
    </File>
    <File Path="$PSRCDIR/sources_1/imports/new/sistema_b.vhd">
      <FileInfo>
        <Attr Name="ImportPath" Val="$PPRDIR/../12_provaDicembre/12_provaDicembre.srcs/sources_1/new/sistema_b.vhd"/>
        <Attr Name="ImportTime" Val="1738163621"/>
        <Attr Name="UsedIn" Val="synthesis"/>
        <Attr Name="UsedIn" Val="simulation"/>
      </FileInfo>
    </File>
    <File Path="$PSRCDIR/sources_1/imports/new/sommatore.vhd">
      <FileInfo>
        <Attr Name="ImportPath" Val="$PPRDIR/../12_provaDicembre/12_provaDicembre.srcs/sources_1/new/sommatore.vhd"/>
        <Attr Name="ImportTime" Val="1738074956"/>
        <Attr Name="UsedIn" Val="synthesis"/>
        <Attr Name="UsedIn" Val="simulation"/>
      </FileInfo>
    </File>
    <File Path="$PSRCDIR/sources_1/imports/new/unita_controllo_A.vhd">
      <FileInfo>
        <Attr Name="ImportPath" Val="$PPRDIR/../12_provaDicembre/12_provaDicembre.srcs/sources_1/new/unita_controllo_A.vhd"/>
        <Attr Name="ImportTime" Val="1738160107"/>
        <Attr Name="UsedIn" Val="synthesis"/>
        <Attr Name="UsedIn" Val="simulation"/>
      </FileInfo>
    </File>
    <File Path="$PSRCDIR/sources_1/imports/new/unita_controllo_B.vhd">
      <FileInfo>
        <Attr Name="ImportPath" Val="$PPRDIR/../12_provaDicembre/12_provaDicembre.srcs/sources_1/new/unita_controllo_B.vhd"/>
        <Attr Name="ImportTime" Val="1738099897"/>
        <Attr Name="UsedIn" Val="synthesis"/>
        <Attr Name="UsedIn" Val="simulation"/>
      </FileInfo>
    </File>
    <File Path="$PSRCDIR/sources_1/imports/new/sistema_complessivo.vhd">
      <FileInfo>
        <Attr Name="ImportPath" Val="$PPRDIR/../12_provaDicembre/12_provaDicembre.srcs/sources_1/new/sistema_complessivo.vhd"/>
        <Attr Name="ImportTime" Val="1738084896"/>
        <Attr Name="UsedIn" Val="synthesis"/>
        <Attr Name="UsedIn" Val="simulation"/>
      </FileInfo>
    </File>
    <Config>
      <Option Name="DesignMode" Val="RTL"/>
      <Option Name="TopModule" Val="sistema_complessivo"/>
      <Option Name="TopAutoSet" Val="TRUE"/>
    </Config>
  </FileSet>
  <FileSet Name="constrs_in" Type="Constrs" RelSrcDir="$PSRCDIR/constrs_1" RelGenDir="$PGENDIR/constrs_1">
    <Filter Type="Constrs"/>
    <Config>
      <Option Name="ConstrsType" Val="XDC"/>
    </Config>
  </FileSet>
  <FileSet Name="utils" Type="Utils" RelSrcDir="$PSRCDIR/utils_1" RelGenDir="$PGENDIR/utils_1">
    <Filter Type="Utils"/>
    <Config>
      <Option Name="TopAutoSet" Val="TRUE"/>
    </Config>
  </FileSet>
  <Strategy Version="1" Minor="2">
    <StratHandle Name="Vivado Synthesis Defaults" Flow="Vivado Synthesis 2023"/>
    <Step Id="synth_design"/>
  </Strategy>
</GenRun>
