<?xml version="1.0" encoding="UTF-8"?>
<GenRun Id="impl_1" LaunchPart="xc7a100tcsg324-1" LaunchTime="1739040624">
  <File Type="ROUTE-PWR" Name="Sistema_power_routed.rpt"/>
  <File Type="PA-TCL" Name="Sistema.tcl"/>
  <File Type="ROUTE-PWR-SUM" Name="Sistema_power_summary_routed.pb"/>
  <File Type="REPORTS-TCL" Name="Sistema_reports.tcl"/>
  <File Type="OPT-RQA-PB" Name="Sistema_rqa_opted.pb"/>
  <File Type="BITSTR-MMI" Name="Sistema.mmi"/>
  <File Type="OPT-METHODOLOGY-DRC" Name="Sistema_methodology_drc_opted.rpt"/>
  <File Type="INIT-TIMING" Name="Sistema_timing_summary_init.rpt"/>
  <File Type="OPT-TIMING" Name="Sistema_timing_summary_opted.rpt"/>
  <File Type="OPT-DCP" Name="Sistema_opt.dcp"/>
  <File Type="OPT-DRC" Name="Sistema_drc_opted.rpt"/>
  <File Type="OPT-HWDEF" Name="Sistema.hwdef"/>
  <File Type="PWROPT-DCP" Name="Sistema_pwropt.dcp"/>
  <File Type="PWROPT-DRC" Name="Sistema_drc_pwropted.rpt"/>
  <File Type="PWROPT-TIMING" Name="Sistema_timing_summary_pwropted.rpt"/>
  <File Type="PLACE-DCP" Name="Sistema_placed.dcp"/>
  <File Type="PLACE-IO" Name="Sistema_io_placed.rpt"/>
  <File Type="PLACE-CLK" Name="Sistema_clock_utilization_placed.rpt"/>
  <File Type="PLACE-UTIL" Name="Sistema_utilization_placed.rpt"/>
  <File Type="PLACE-UTIL-PB" Name="Sistema_utilization_placed.pb"/>
  <File Type="PLACE-CTRL" Name="Sistema_control_sets_placed.rpt"/>
  <File Type="PLACE-SIMILARITY" Name="Sistema_incremental_reuse_placed.rpt"/>
  <File Type="PLACE-PRE-SIMILARITY" Name="Sistema_incremental_reuse_pre_placed.rpt"/>
  <File Type="BG-BIN" Name="Sistema.bin"/>
  <File Type="PLACE-TIMING" Name="Sistema_timing_summary_placed.rpt"/>
  <File Type="ROUTE-PWR-RPX" Name="Sistema_power_routed.rpx"/>
  <File Type="PLACE-RQA-PB" Name="Sistema_rqa_placed.pb"/>
  <File Type="POSTPLACE-PWROPT-DCP" Name="Sistema_postplace_pwropt.dcp"/>
  <File Type="BITSTR-MSK" Name="Sistema.msk"/>
  <File Type="POSTPLACE-PWROPT-TIMING" Name="Sistema_timing_summary_postplace_pwropted.rpt"/>
  <File Type="PHYSOPT-DCP" Name="Sistema_physopt.dcp"/>
  <File Type="PHYSOPT-DRC" Name="Sistema_drc_physopted.rpt"/>
  <File Type="BITSTR-RBT" Name="Sistema.rbt"/>
  <File Type="PHYSOPT-TIMING" Name="Sistema_timing_summary_physopted.rpt"/>
  <File Type="ROUTE-ERROR-DCP" Name="Sistema_routed_error.dcp"/>
  <File Type="ROUTE-DCP" Name="Sistema_routed.dcp"/>
  <File Type="ROUTE-BLACKBOX-DCP" Name="Sistema_routed_bb.dcp"/>
  <File Type="ROUTE-DRC" Name="Sistema_drc_routed.rpt"/>
  <File Type="ROUTE-DRC-PB" Name="Sistema_drc_routed.pb"/>
  <File Type="ROUTE-DRC-RPX" Name="Sistema_drc_routed.rpx"/>
  <File Type="ROUTE-METHODOLOGY-DRC" Name="Sistema_methodology_drc_routed.rpt"/>
  <File Type="ROUTE-METHODOLOGY-DRC-RPX" Name="Sistema_methodology_drc_routed.rpx"/>
  <File Type="ROUTE-METHODOLOGY-DRC-PB" Name="Sistema_methodology_drc_routed.pb"/>
  <File Type="ROUTE-RQS-PB" Name="Sistema_rqs_routed.pb"/>
  <File Type="ROUTE-STATUS" Name="Sistema_route_status.rpt"/>
  <File Type="ROUTE-STATUS-PB" Name="Sistema_route_status.pb"/>
  <File Type="ROUTE-TIMINGSUMMARY" Name="Sistema_timing_summary_routed.rpt"/>
  <File Type="ROUTE-TIMING-PB" Name="Sistema_timing_summary_routed.pb"/>
  <File Type="ROUTE-TIMING-RPX" Name="Sistema_timing_summary_routed.rpx"/>
  <File Type="ROUTE-SIMILARITY" Name="Sistema_incremental_reuse_routed.rpt"/>
  <File Type="ROUTE-CLK" Name="Sistema_clock_utilization_routed.rpt"/>
  <File Type="ROUTE-BUS-SKEW" Name="Sistema_bus_skew_routed.rpt"/>
  <File Type="ROUTE-BUS-SKEW-PB" Name="Sistema_bus_skew_routed.pb"/>
  <File Type="ROUTE-BUS-SKEW-RPX" Name="Sistema_bus_skew_routed.rpx"/>
  <File Type="POSTROUTE-PHYSOPT-DCP" Name="Sistema_postroute_physopt.dcp"/>
  <File Type="POSTROUTE-PHYSOPT-BLACKBOX-DCP" Name="Sistema_postroute_physopt_bb.dcp"/>
  <File Type="POSTROUTE-PHYSOPT-TIMING" Name="Sistema_timing_summary_postroute_physopted.rpt"/>
  <File Type="POSTROUTE-PHYSOPT-TIMING-PB" Name="Sistema_timing_summary_postroute_physopted.pb"/>
  <File Type="POSTROUTE-PHYSOPT-TIMING-RPX" Name="Sistema_timing_summary_postroute_physopted.rpx"/>
  <File Type="POSTROUTE-PHYSOPT-BUS-SKEW" Name="Sistema_bus_skew_postroute_physopted.rpt"/>
  <File Type="BG-BIT" Name="Sistema.bit"/>
  <File Type="POSTROUTE-PHYSOPT-BUS-SKEW-PB" Name="Sistema_bus_skew_postroute_physopted.pb"/>
  <File Type="POSTROUTE-PHYSOPT-BUS-SKEW-RPX" Name="Sistema_bus_skew_postroute_physopted.rpx"/>
  <File Type="BITSTR-NKY" Name="Sistema.nky"/>
  <File Type="BITSTR-BMM" Name="Sistema_bd.bmm"/>
  <File Type="PDI-FILE" Name="Sistema.pdi"/>
  <File Type="BOOT-PDI-FILE" Name="Sistema_soc.pdi"/>
  <File Type="PL-PDI-FILE" Name="Sistema_pld.pdi"/>
  <File Type="RCFI_FILE" Name="Sistema.rcfi"/>
  <File Type="CFI_FILE" Name="Sistema.cfi"/>
  <File Type="RNPI_FILE" Name="Sistema.rnpi"/>
  <File Type="NPI_FILE" Name="Sistema.npi"/>
  <File Type="RBD_FILE" Name="Sistema.rbd"/>
  <File Type="BITSTR-LTX" Name="debug_nets.ltx"/>
  <File Type="BITSTR-LTX" Name="Sistema.ltx"/>
  <File Type="BITSTR-SYSDEF" Name="Sistema.sysdef"/>
  <File Type="BG-BGN" Name="Sistema.bgn"/>
  <File Type="BG-DRC" Name="Sistema.drc"/>
  <File Type="RDI-RDI" Name="Sistema.vdi"/>
  <File Type="WBT-USG" Name="usage_statistics_webtalk.html"/>
  <File Type="ROUTE-RQS" Name="Sistema_routed.rqs"/>
  <File Type="POSTROUTE-PHYSOPT-RQS" Name="Sistema_postroute_physopted.rqs"/>
  <File Type="ROUTE-RQS-RPT" Name="route_report_qor_suggestions_0.rpt"/>
  <File Type="POSTROUTE-PHYSOPT-RQS-RPT" Name="postroute_physopt_report_qor_suggestions_0.rpt"/>
  <FileSet Name="sources" Type="DesignSrcs" RelSrcDir="$PSRCDIR/sources_1" RelGenDir="$PGENDIR/sources_1">
    <Filter Type="Srcs"/>
    <File Path="$PSRCDIR/sources_1/imports/COMPONENTI/ButtonDebouncer.vhd">
      <FileInfo>
        <Attr Name="ImportPath" Val="$PPRDIR/../../../COMPONENTI/ButtonDebouncer.vhd"/>
        <Attr Name="ImportTime" Val="1731756671"/>
        <Attr Name="UsedIn" Val="synthesis"/>
        <Attr Name="UsedIn" Val="simulation"/>
      </FileInfo>
    </File>
    <File Path="$PSRCDIR/sources_1/imports/sources_1/new/Control_Unit.vhd">
      <FileInfo>
        <Attr Name="ImportPath" Val="$PPRDIR/../../Esercizio_6/Esercizio_6.srcs/sources_1/new/Control_Unit.vhd"/>
        <Attr Name="ImportTime" Val="1733567884"/>
        <Attr Name="UsedIn" Val="synthesis"/>
        <Attr Name="UsedIn" Val="simulation"/>
      </FileInfo>
    </File>
    <File Path="$PSRCDIR/sources_1/imports/sources_1/imports/new/M.vhd">
      <FileInfo>
        <Attr Name="ImportPath" Val="$PPRDIR/../../Esercizio_6/Esercizio_6.srcs/sources_1/imports/new/M.vhd"/>
        <Attr Name="ImportTime" Val="1733482267"/>
        <Attr Name="UsedIn" Val="synthesis"/>
        <Attr Name="UsedIn" Val="simulation"/>
      </FileInfo>
    </File>
    <File Path="$PSRCDIR/sources_1/imports/sources_1/new/MEM.vhd">
      <FileInfo>
        <Attr Name="ImportPath" Val="$PPRDIR/../../Esercizio_6/Esercizio_6.srcs/sources_1/new/MEM.vhd"/>
        <Attr Name="ImportTime" Val="1733567845"/>
        <Attr Name="UsedIn" Val="synthesis"/>
        <Attr Name="UsedIn" Val="simulation"/>
      </FileInfo>
    </File>
    <File Path="$PSRCDIR/sources_1/imports/sources_1/new/ROM.vhd">
      <FileInfo>
        <Attr Name="ImportPath" Val="$PPRDIR/../../Esercizio_6/Esercizio_6.srcs/sources_1/new/ROM.vhd"/>
        <Attr Name="ImportTime" Val="1733567862"/>
        <Attr Name="UsedIn" Val="synthesis"/>
        <Attr Name="UsedIn" Val="simulation"/>
      </FileInfo>
    </File>
    <File Path="$PSRCDIR/sources_1/imports/sources_1/new/contatore.vhd">
      <FileInfo>
        <Attr Name="ImportPath" Val="$PPRDIR/../../Esercizio_6/Esercizio_6.srcs/sources_1/new/contatore.vhd"/>
        <Attr Name="ImportTime" Val="1733567823"/>
        <Attr Name="UsedIn" Val="synthesis"/>
        <Attr Name="UsedIn" Val="simulation"/>
      </FileInfo>
    </File>
    <File Path="$PSRCDIR/sources_1/imports/sources_1/new/Sistema.vhd">
      <FileInfo>
        <Attr Name="ImportPath" Val="$PPRDIR/../../Esercizio_6/Esercizio_6.srcs/sources_1/new/Sistema.vhd"/>
        <Attr Name="ImportTime" Val="1733568161"/>
        <Attr Name="UsedIn" Val="synthesis"/>
        <Attr Name="UsedIn" Val="simulation"/>
      </FileInfo>
    </File>
    <Config>
      <Option Name="DesignMode" Val="RTL"/>
      <Option Name="TopModule" Val="Sistema"/>
      <Option Name="TopAutoSet" Val="TRUE"/>
    </Config>
  </FileSet>
  <FileSet Name="constrs_in" Type="Constrs" RelSrcDir="$PSRCDIR/constrs_1" RelGenDir="$PGENDIR/constrs_1">
    <Filter Type="Constrs"/>
    <File Path="$PPRDIR/../../../Magistrale/Architettura_dei_Sistemi_Digitali/vhdl/digilent-xdc-master/Nexys-A7-100T-Master.xdc">
      <FileInfo>
        <Attr Name="UsedIn" Val="synthesis"/>
        <Attr Name="UsedIn" Val="implementation"/>
      </FileInfo>
    </File>
    <Config>
      <Option Name="ConstrsType" Val="XDC"/>
    </Config>
  </FileSet>
  <FileSet Name="utils" Type="Utils" RelSrcDir="$PSRCDIR/utils_1" RelGenDir="$PGENDIR/utils_1">
    <Filter Type="Utils"/>
    <File Path="$PSRCDIR/utils_1/imports/synth_1/Sistema.dcp">
      <FileInfo>
        <Attr Name="UsedIn" Val="synthesis"/>
        <Attr Name="UsedIn" Val="implementation"/>
        <Attr Name="UsedInSteps" Val="synth_1"/>
        <Attr Name="AutoDcp" Val="1"/>
      </FileInfo>
    </File>
    <Config>
      <Option Name="TopAutoSet" Val="TRUE"/>
    </Config>
  </FileSet>
  <Strategy Version="1" Minor="2">
    <StratHandle Name="Vivado Implementation Defaults" Flow="Vivado Implementation 2023"/>
    <Step Id="init_design"/>
    <Step Id="opt_design"/>
    <Step Id="power_opt_design"/>
    <Step Id="place_design"/>
    <Step Id="post_place_power_opt_design"/>
    <Step Id="phys_opt_design"/>
    <Step Id="route_design"/>
    <Step Id="post_route_phys_opt_design"/>
    <Step Id="write_bitstream"/>
  </Strategy>
</GenRun>
