<?xml version="1.0" encoding="UTF-8"?>
<GenRun Id="synth_1" LaunchPart="xc7a100tcsg324-1" LaunchTime="1740421273">
  <File Type="PA-TCL" Name="molt_booth.tcl"/>
  <File Type="RDS-PROPCONSTRS" Name="molt_booth_drc_synth.rpt"/>
  <File Type="REPORTS-TCL" Name="molt_booth_reports.tcl"/>
  <File Type="RDS-RDS" Name="molt_booth.vds"/>
  <File Type="RDS-UTIL" Name="molt_booth_utilization_synth.rpt"/>
  <File Type="RDS-UTIL-PB" Name="molt_booth_utilization_synth.pb"/>
  <File Type="RDS-DCP" Name="molt_booth.dcp"/>
  <File Type="VDS-TIMINGSUMMARY" Name="molt_booth_timing_summary_synth.rpt"/>
  <File Type="VDS-TIMING-PB" Name="molt_booth_timing_summary_synth.pb"/>
  <FileSet Name="sources" Type="DesignSrcs" RelSrcDir="$PSRCDIR/sources_1" RelGenDir="$PGENDIR/sources_1">
    <Filter Type="Srcs"/>
    <File Path="$PSRCDIR/sources_1/imports/COMPONENTI/ButtonDebouncer.vhd">
      <FileInfo>
        <Attr Name="ImportPath" Val="$PPRDIR/../../../COMPONENTI/ButtonDebouncer.vhd"/>
        <Attr Name="ImportTime" Val="1731756671"/>
        <Attr Name="UsedIn" Val="synthesis"/>
        <Attr Name="UsedIn" Val="simulation"/>
      </FileInfo>
    </File>
    <File Path="$PSRCDIR/sources_1/imports/Esercizio_7.srcs/sources_1/new/adder_sub.vhd">
      <FileInfo>
        <Attr Name="ImportPath" Val="$PPRDIR/../../Esercizio_7/Esercizio_7.srcs/sources_1/new/adder_sub.vhd"/>
        <Attr Name="ImportTime" Val="1737458441"/>
        <Attr Name="UsedIn" Val="synthesis"/>
        <Attr Name="UsedIn" Val="simulation"/>
      </FileInfo>
    </File>
    <File Path="$PSRCDIR/sources_1/imports/Esercizio_7.srcs/sources_1/new/cont_mod8.vhd">
      <FileInfo>
        <Attr Name="ImportPath" Val="$PPRDIR/../../Esercizio_7/Esercizio_7.srcs/sources_1/new/cont_mod8.vhd"/>
        <Attr Name="ImportTime" Val="1737543335"/>
        <Attr Name="UsedIn" Val="synthesis"/>
        <Attr Name="UsedIn" Val="simulation"/>
      </FileInfo>
    </File>
    <File Path="$PSRCDIR/sources_1/imports/Esercizio_7.srcs/sources_1/new/full_adder.vhd">
      <FileInfo>
        <Attr Name="ImportPath" Val="$PPRDIR/../../Esercizio_7/Esercizio_7.srcs/sources_1/new/full_adder.vhd"/>
        <Attr Name="ImportTime" Val="1737457342"/>
        <Attr Name="UsedIn" Val="synthesis"/>
        <Attr Name="UsedIn" Val="simulation"/>
      </FileInfo>
    </File>
    <File Path="$PSRCDIR/sources_1/imports/Esercizio_7.srcs/sources_1/new/mux_21.vhd">
      <FileInfo>
        <Attr Name="ImportPath" Val="$PPRDIR/../../Esercizio_7/Esercizio_7.srcs/sources_1/new/mux_21.vhd"/>
        <Attr Name="ImportTime" Val="1737543213"/>
        <Attr Name="UsedIn" Val="synthesis"/>
        <Attr Name="UsedIn" Val="simulation"/>
      </FileInfo>
    </File>
    <File Path="$PSRCDIR/sources_1/imports/Esercizio_7.srcs/sources_1/new/registro8.vhd">
      <FileInfo>
        <Attr Name="ImportPath" Val="$PPRDIR/../../Esercizio_7/Esercizio_7.srcs/sources_1/new/registro8.vhd"/>
        <Attr Name="ImportTime" Val="1732611339"/>
        <Attr Name="UsedIn" Val="synthesis"/>
        <Attr Name="UsedIn" Val="simulation"/>
      </FileInfo>
    </File>
    <File Path="$PSRCDIR/sources_1/imports/Esercizio_7.srcs/sources_1/new/ripple_carry.vhd">
      <FileInfo>
        <Attr Name="ImportPath" Val="$PPRDIR/../../Esercizio_7/Esercizio_7.srcs/sources_1/new/ripple_carry.vhd"/>
        <Attr Name="ImportTime" Val="1737458370"/>
        <Attr Name="UsedIn" Val="synthesis"/>
        <Attr Name="UsedIn" Val="simulation"/>
      </FileInfo>
    </File>
    <File Path="$PSRCDIR/sources_1/imports/Esercizio_7.srcs/sources_1/new/shift_register.vhd">
      <FileInfo>
        <Attr Name="ImportPath" Val="$PPRDIR/../../Esercizio_7/Esercizio_7.srcs/sources_1/new/shift_register.vhd"/>
        <Attr Name="ImportTime" Val="1737543298"/>
        <Attr Name="UsedIn" Val="synthesis"/>
        <Attr Name="UsedIn" Val="simulation"/>
      </FileInfo>
    </File>
    <File Path="$PSRCDIR/sources_1/imports/Esercizio_7.srcs/sources_1/new/unita_controllo.vhd">
      <FileInfo>
        <Attr Name="ImportPath" Val="$PPRDIR/../../Esercizio_7/Esercizio_7.srcs/sources_1/new/unita_controllo.vhd"/>
        <Attr Name="ImportTime" Val="1737542201"/>
        <Attr Name="UsedIn" Val="synthesis"/>
        <Attr Name="UsedIn" Val="simulation"/>
      </FileInfo>
    </File>
    <File Path="$PSRCDIR/sources_1/imports/Esercizio_7.srcs/sources_1/new/unita_operativa.vhd">
      <FileInfo>
        <Attr Name="ImportPath" Val="$PPRDIR/../../Esercizio_7/Esercizio_7.srcs/sources_1/new/unita_operativa.vhd"/>
        <Attr Name="ImportTime" Val="1733842387"/>
        <Attr Name="UsedIn" Val="synthesis"/>
        <Attr Name="UsedIn" Val="simulation"/>
      </FileInfo>
    </File>
    <File Path="$PSRCDIR/sources_1/imports/new/molt_booth.vhd">
      <FileInfo>
        <Attr Name="ImportPath" Val="$PPRDIR/../../Esercizio_7/Esercizio_7.srcs/sources_1/new/molt_booth.vhd"/>
        <Attr Name="ImportTime" Val="1737543636"/>
        <Attr Name="UsedIn" Val="synthesis"/>
        <Attr Name="UsedIn" Val="simulation"/>
      </FileInfo>
    </File>
    <Config>
      <Option Name="DesignMode" Val="RTL"/>
      <Option Name="TopModule" Val="molt_booth"/>
      <Option Name="TopAutoSet" Val="TRUE"/>
    </Config>
  </FileSet>
  <FileSet Name="constrs_in" Type="Constrs" RelSrcDir="$PSRCDIR/constrs_1" RelGenDir="$PGENDIR/constrs_1">
    <Filter Type="Constrs"/>
    <File Path="$PSRCDIR/constrs_1/imports/digilent-xdc-master/Nexys-A7-100T-Master.xdc">
      <FileInfo>
        <Attr Name="ImportPath" Val="$PPRDIR/../../../../digilent-xdc-master/Nexys-A7-100T-Master.xdc"/>
        <Attr Name="ImportTime" Val="1732002147"/>
        <Attr Name="UsedIn" Val="synthesis"/>
        <Attr Name="UsedIn" Val="implementation"/>
      </FileInfo>
    </File>
    <Config>
      <Option Name="ConstrsType" Val="XDC"/>
    </Config>
  </FileSet>
  <FileSet Name="utils" Type="Utils" RelSrcDir="$PSRCDIR/utils_1" RelGenDir="$PGENDIR/utils_1">
    <Filter Type="Utils"/>
    <Config>
      <Option Name="TopAutoSet" Val="TRUE"/>
    </Config>
  </FileSet>
  <Strategy Version="1" Minor="2">
    <StratHandle Name="Vivado Synthesis Defaults" Flow="Vivado Synthesis 2023"/>
    <Step Id="synth_design"/>
  </Strategy>
</GenRun>
